"division","level of education","training level","work experience","salary","sales"
"printers","some college","2","6","91684","372302"
"printers","associate's degree","2","10","119679","495660"
"peripherals","high school","0","9","82045","320453"
"office supplies","associate's degree","2","5","92949","377148"
"office supplies","high school","1","5","71280","312802"
"computer hardware","some college","0","10","102401","366451"
"peripherals","associate's degree","0","5","77548","230899"
"office supplies","some college","0","6","81966","265915"
"printers","associate's degree","3","2","72844","308443"
"computer hardware","associate's degree","1","5","96731","326667"
"printers","associate's degree","2","3","73508","251044"
"peripherals","associate's degree","2","6","97841","382063"
"office supplies","some college","0","6","82719","245873"
"office supplies","some college","3","4","98070","410695"
"printers","some college","3","6","94604","448108"
"printers","associate's degree","2","7","105864","427161"
"printers","some college","1","7","79103","306233"
"computer software","some college","1","0","70834","156285"
"office supplies","some college","2","9","109279","463564"
"office supplies","some college","0","6","77126","265805"
"printers","some college","2","8","100478","427419"
"computer hardware","associate's degree","2","11","120849","558487"
"computer software","associate's degree","2","6","104805","336595"
"printers","bachelor's degree","1","8","101064","400527"
"office supplies","bachelor's degree","1","4","93307","283069"
"computer software","some college","2","0","79557","212808"
"printers","some college","2","8","103623","422598"
"printers","associate's degree","2","8","103102","438227"
"peripherals","high school","2","7","90624","420492"
"peripherals","high school","0","7","86992","310245"
"computer software","bachelor's degree","1","6","107167","313303"
"peripherals","associate's degree","1","9","109170","427319"
"printers","some college","2","4","77464","354637"
"printers","some college","2","2","75556","297414"
"peripherals","some college","0","5","71739","210932"
"peripherals","associate's degree","0","5","71754","217540"
"computer hardware","associate's degree","0","6","82212","244004"
"office supplies","bachelor's degree","3","1","72889","257228"
"computer software","bachelor's degree","0","7","103149","280413"
"computer hardware","high school","0","6","83792","288378"
"computer software","associate's degree","0","5","98668","233192"
"printers","associate's degree","1","6","87697","340058"
"office supplies","associate's degree","1","3","72061","229358"
"office supplies","associate's degree","2","5","89007","348234"
"peripherals","bachelor's degree","1","10","106439","384153"
"computer hardware","associate's degree","2","8","116489","434805"
"computer hardware","bachelor's degree","1","7","102285","374537"
"computer software","associate's degree","3","5","117441","405411"
"computer hardware","some college","0","4","70683","224062"
"printers","some college","0","5","73325","247375"
"computer hardware","some college","1","10","102889","438892"
"peripherals","some college","0","13","128685","539715"
"printers","associate's degree","0","12","122039","475393"
"computer hardware","associate's degree","1","7","94155","324122"
"printers","some college","0","10","91294","372939"
"office supplies","bachelor's degree","2","4","94787","375361"
"office supplies","associate's degree","1","10","113059","439107"
"office supplies","high school","1","14","128460","615221"
"peripherals","some college","0","3","71579","213637"
"printers","high school","2","6","77722","357221"
"printers","high school","0","2","52324","108399"
"office supplies","some college","1","7","86125","310374"
"printers","some college","0","5","76575","269069"
"peripherals","some college","1","0","46061","100614"
"office supplies","some college","2","5","89958","358703"
"printers","some college","2","9","101181","447716"
"computer software","associate's degree","1","9","121184","380183"
"printers","associate's degree","1","2","57580","155803"
"peripherals","associate's degree","1","12","122903","527725"
"office supplies","some college","2","4","87644","346038"
"peripherals","associate's degree","2","6","93659","379232"
"computer hardware","some college","1","4","81859","224450"
"peripherals","associate's degree","2","7","97604","353865"
"computer hardware","some college","2","6","99223","415361"
"peripherals","some college","1","8","100790","399584"
"peripherals","some college","2","5","82876","322910"
"printers","some college","2","7","91973","414291"
"office supplies","associate's degree","2","3","75155","311547"
"peripherals","some college","0","7","79042","280260"
"peripherals","associate's degree","1","10","103816","417424"
"computer software","associate's degree","1","7","112198","388412"
"computer software","associate's degree","3","3","104068","418629"
"office supplies","some college","1","5","77010","327159"
"peripherals","high school","2","10","107821","463162"
"office supplies","high school","2","9","92038","440384"
"peripherals","high school","1","6","93920","367763"
"printers","associate's degree","3","4","91768","362685"
"peripherals","bachelor's degree","2","8","106885","425075"
"peripherals","some college","1","7","90970","328831"
"printers","some college","2","1","70523","288070"
"peripherals","associate's degree","2","10","114278","491378"
"computer hardware","high school","0","2","60365","63646"
"printers","some college","0","3","67849","233465"
"printers","some college","1","5","82344","299052"
"computer hardware","bachelor's degree","0","5","90567","213723"
"computer software","associate's degree","0","2","79247","120437"
"printers","high school","1","6","73426","314258"
"peripherals","bachelor's degree","0","8","92602","278869"
"computer hardware","some college","2","4","86105","295034"
"printers","some college","1","16","138975","595815"
"peripherals","associate's degree","0","7","103966","349657"
"peripherals","associate's degree","1","10","101638","416375"
"office supplies","bachelor's degree","1","1","64852","159754"
"computer software","associate's degree","3","15","159148","761477"
"peripherals","associate's degree","2","5","86696","295931"
"peripherals","high school","1","2","63239","182662"
"printers","associate's degree","1","7","96834","331662"
"printers","some college","0","4","63499","211746"
"peripherals","some college","1","2","65061","219573"
"printers","associate's degree","0","5","63279","152785"
"printers","associate's degree","1","3","70906","256821"
"computer hardware","some college","2","5","83333","343329"
"peripherals","some college","0","5","68670","226701"
"printers","associate's degree","2","11","109349","493485"
"office supplies","associate's degree","2","8","101331","458644"
"computer hardware","some college","2","1","65696","243633"
"peripherals","associate's degree","2","4","94434","337658"
"office supplies","some college","1","7","84005","351693"
"printers","associate's degree","1","0","62167","142214"
"peripherals","associate's degree","1","2","65379","167291"
"office supplies","high school","0","8","83971","303019"
"peripherals","associate's degree","1","7","85647","316473"
"peripherals","some college","1","9","103821","407630"
"office supplies","some college","1","7","85461","364719"
"office supplies","associate's degree","0","5","84953","246971"
"computer software","associate's degree","3","8","123727","547272"
"peripherals","high school","3","5","91935","468170"
"printers","associate's degree","1","10","106116","431062"
"computer software","associate's degree","1","10","115164","421642"
"office supplies","some college","2","6","98137","448327"
"peripherals","associate's degree","3","11","118490","564904"
"peripherals","bachelor's degree","1","8","102068","354060"
"office supplies","some college","0","5","70726","228913"
"peripherals","some college","2","6","89014","358205"
"computer hardware","high school","0","9","96110","357346"
"office supplies","some college","1","5","70315","249303"
"peripherals","associate's degree","1","2","61659","176588"
"office supplies","some college","1","5","79578","260734"
"office supplies","some college","2","8","89078","390604"
"printers","some college","0","8","79098","266030"
"computer hardware","some college","1","2","63058","173092"
"office supplies","some college","3","8","99431","452481"
"peripherals","some college","2","4","85212","319099"
"computer software","some college","2","6","101007","400071"
"office supplies","high school","2","7","95102","425964"
"office supplies","high school","3","6","86346","388663"
"computer hardware","some college","0","10","106096","397578"
"computer hardware","associate's degree","3","7","113863","454584"
"computer hardware","associate's degree","1","8","99925","392213"
"office supplies","some college","2","6","94329","449624"
"computer hardware","some college","1","2","65117","198779"
"printers","some college","2","3","66866","221790"
"peripherals","associate's degree","2","7","102433","405146"
"printers","associate's degree","1","6","86607","352945"
"office supplies","associate's degree","1","3","75123","230053"
"printers","some college","1","4","71530","232534"
"peripherals","associate's degree","1","9","109419","426714"
"computer hardware","bachelor's degree","0","4","75475","191531"
"office supplies","high school","2","3","75338","294422"
"computer hardware","some college","3","9","114303","573030"
"office supplies","some college","1","5","80784","291935"
"computer software","some college","2","5","92662","336624"
"office supplies","bachelor's degree","1","11","117597","445316"
"office supplies","some college","1","0","54239","202394"
"printers","some college","3","0","61295","272952"
"peripherals","associate's degree","3","7","99316","453160"
"printers","some college","1","7","87009","286705"
"printers","high school","2","8","100606","448856"
"printers","some college","3","8","109056","499856"
"computer software","associate's degree","0","6","97942","250087"
"printers","associate's degree","2","6","91443","367517"
"printers","associate's degree","0","4","81077","258484"
"peripherals","some college","2","11","119585","559407"
"peripherals","some college","2","4","89280","366926"
"computer software","associate's degree","2","12","134965","579652"
"computer hardware","associate's degree","1","8","101833","419123"
"printers","some college","0","7","79682","245813"
"printers","associate's degree","0","9","92565","338027"
"printers","associate's degree","2","8","103221","426316"
"peripherals","bachelor's degree","0","9","99989","270000"
"computer hardware","associate's degree","0","10","115137","408114"
"computer hardware","associate's degree","0","7","90923","339227"
"printers","associate's degree","1","7","88798","367981"
"office supplies","bachelor's degree","1","4","75311","253107"
"printers","bachelor's degree","1","4","73249","190005"
"peripherals","associate's degree","1","12","110778","467777"
"peripherals","high school","1","8","98175","415982"
"peripherals","some college","2","6","86225","355956"
"peripherals","some college","1","6","98213","358757"
"computer software","some college","0","3","80935","109351"
"peripherals","associate's degree","2","5","91174","394637"
"computer hardware","associate's degree","0","10","105228","380142"
"printers","some college","2","6","92343","394846"
"peripherals","some college","1","8","96794","414797"
"printers","associate's degree","0","5","77365","240170"
"computer software","bachelor's degree","1","4","93360","283603"
"printers","bachelor's degree","0","5","81640","263083"
"computer software","associate's degree","1","4","100890","294739"
"office supplies","some college","2","3","65288","252876"
"printers","some college","0","6","71737","257374"
"peripherals","associate's degree","0","4","83809","246233"
"office supplies","associate's degree","0","4","75904","243743"
"printers","associate's degree","2","10","122390","537245"
"office supplies","associate's degree","2","12","125590","605975"
"printers","associate's degree","2","10","111706","490699"
"printers","some college","1","6","76568","277676"
"printers","high school","0","1","58202","112018"
"office supplies","some college","2","4","81063","336413"
"peripherals","some college","1","7","90991","358502"
"computer hardware","associate's degree","0","6","85754","275794"
"peripherals","associate's degree","0","6","81673","269284"
"office supplies","high school","0","2","52110","119346"
"peripherals","bachelor's degree","2","7","113546","463478"
"office supplies","associate's degree","3","5","98693","480147"
"computer hardware","some college","1","6","93347","311678"
"printers","some college","2","7","96086","439990"
"peripherals","bachelor's degree","3","2","86575","365240"
"computer software","associate's degree","0","5","87782","247821"
"office supplies","master's degree","1","5","92029","314419"
"printers","associate's degree","1","1","73662","186620"
"office supplies","bachelor's degree","1","2","68058","164989"
"office supplies","bachelor's degree","3","9","112093","520934"
"printers","some college","2","9","117292","505225"
"computer hardware","some college","3","6","90306","377104"
"printers","some college","0","7","75508","271425"
"peripherals","some college","3","6","97712","395169"
"office supplies","some college","2","4","80981","314799"
"printers","associate's degree","1","6","85410","281207"
"printers","high school","1","4","69126","210938"
"printers","high school","2","6","80726","309857"
"peripherals","associate's degree","1","6","86539","259653"
"printers","associate's degree","2","12","115364","505324"
"peripherals","some college","2","2","66655","246951"
"computer software","associate's degree","1","4","91013","300134"
"office supplies","associate's degree","1","4","88134","286398"
"printers","some college","0","5","71034","186940"
"office supplies","some college","2","9","108006","522042"
"computer software","associate's degree","1","5","100667","335967"
"computer hardware","associate's degree","2","12","136232","562813"
"computer software","associate's degree","1","6","99592","303104"
"peripherals","some college","0","11","103798","395075"
"computer hardware","associate's degree","3","6","104327","433218"
"computer hardware","some college","1","8","92994","357145"
"peripherals","high school","1","8","84829","368285"
"peripherals","high school","1","4","69664","282671"
"peripherals","associate's degree","0","4","67555","181517"
"peripherals","bachelor's degree","2","10","108549","445491"
"computer hardware","associate's degree","0","7","95075","366251"
"peripherals","some college","2","1","71847","254252"
"computer software","associate's degree","1","3","85750","259405"
"office supplies","some college","0","6","73280","254279"
"computer hardware","associate's degree","0","6","80719","257189"
"computer hardware","associate's degree","1","3","71981","150000"
"peripherals","associate's degree","1","7","86246","315357"
"computer software","associate's degree","1","11","128594","498153"
"computer software","some college","2","6","105148","406963"
"peripherals","associate's degree","1","6","82803","297174"
"printers","associate's degree","0","5","74269","262687"
"office supplies","associate's degree","0","4","67574","177919"
"peripherals","bachelor's degree","3","10","121425","547429"
"office supplies","high school","0","0","41660","85373"
"peripherals","some college","2","4","82438","329638"
"office supplies","some college","1","3","62139","221389"
"computer hardware","high school","3","5","93144","425338"
"peripherals","associate's degree","2","11","122599","561462"
"peripherals","associate's degree","2","10","109385","453909"
"office supplies","associate's degree","0","7","80737","287365"
"computer hardware","high school","1","11","105619","446683"
"office supplies","bachelor's degree","2","5","90976","314996"
"computer hardware","some college","2","7","99177","414662"
"printers","high school","1","2","58603","237511"
"printers","some college","0","5","67659","223730"
"office supplies","some college","3","10","108936","549362"
"printers","associate's degree","0","3","65862","162968"
"peripherals","bachelor's degree","3","7","112765","447901"
"printers","some college","1","8","89841","367530"
"printers","associate's degree","3","4","91966","352736"
"office supplies","associate's degree","0","6","83497","293838"
"office supplies","some college","1","5","69260","235948"
"printers","some college","1","9","98397","385423"
"office supplies","associate's degree","1","8","87938","327497"
"computer software","associate's degree","1","8","110900","340283"
"peripherals","some college","1","10","108730","418585"
"printers","associate's degree","1","5","80657","299583"
"peripherals","associate's degree","2","4","86893","388930"
"peripherals","some college","2","10","109690","490694"
"printers","associate's degree","3","4","91366","341882"
"office supplies","associate's degree","1","4","80362","213923"
"office supplies","bachelor's degree","1","9","112719","421938"
"office supplies","associate's degree","1","4","76358","278259"
"computer software","some college","2","8","113268","461828"
"computer software","associate's degree","0","5","92681","220348"
"printers","some college","1","9","98385","427167"
"printers","associate's degree","2","6","90195","388290"
"peripherals","some college","2","6","84991","369914"
"printers","some college","2","5","88356","338025"
"peripherals","associate's degree","1","4","89134","261337"
"computer hardware","associate's degree","0","7","92500","247340"
"printers","some college","2","9","99467","446700"
"printers","some college","1","9","93388","413879"
"computer hardware","some college","2","7","100757","397455"
"printers","associate's degree","2","3","76543","284888"
"office supplies","associate's degree","2","8","108397","461618"
"computer hardware","associate's degree","2","15","146058","645654"
"computer software","some college","2","3","88996","309255"
"printers","some college","1","3","71718","241703"
"peripherals","associate's degree","2","3","72218","240209"
"printers","associate's degree","1","3","73385","268206"
"office supplies","some college","2","8","99125","427947"
"peripherals","some college","0","4","76179","233240"
"computer software","bachelor's degree","2","4","100725","308371"
"office supplies","associate's degree","0","7","96135","291349"
"office supplies","associate's degree","2","9","112491","490047"
"peripherals","associate's degree","0","10","103545","331295"
"computer hardware","some college","0","3","62242","152023"
"computer hardware","some college","1","2","71474","232808"
"computer software","some college","2","11","133210","538067"
"office supplies","high school","2","9","104646","489673"
"peripherals","some college","0","6","77303","249313"
"office supplies","some college","0","4","70699","226855"
"computer hardware","high school","2","9","115123","475099"
"computer hardware","some college","0","6","75887","248869"
"computer hardware","associate's degree","0","1","58310","128329"
"printers","some college","0","5","72953","234089"
"printers","associate's degree","0","8","91530","335765"
"computer hardware","associate's degree","0","8","86061","270611"
"office supplies","some college","1","4","77702","255115"
"computer software","some college","1","7","109057","383472"
"office supplies","some college","1","4","66742","244566"
"peripherals","associate's degree","3","3","83353","276528"
"office supplies","associate's degree","0","13","109012","450120"
"computer hardware","associate's degree","0","4","75888","212423"
"peripherals","high school","1","7","83807","339765"
"office supplies","some college","1","4","65437","234374"
"printers","associate's degree","2","7","106229","429987"
"printers","high school","3","7","104058","476123"
"peripherals","bachelor's degree","2","5","97621","343788"
"computer software","high school","1","11","118803","483101"
"office supplies","associate's degree","1","9","98589","425889"
"printers","associate's degree","0","3","69737","184496"
"printers","some college","0","4","65343","205662"
"office supplies","high school","2","6","88189","396197"
"peripherals","some college","1","2","68077","266012"
"peripherals","some college","1","5","88077","343438"
"printers","associate's degree","0","8","88639","346391"
"peripherals","some college","2","5","85448","344820"
"computer hardware","some college","2","3","72260","266030"
"computer software","associate's degree","0","2","81774","151095"
"peripherals","associate's degree","2","5","82786","327862"
"office supplies","associate's degree","2","6","81797","309886"
"office supplies","some college","1","9","95601","431195"
"peripherals","associate's degree","1","8","93810","365485"
"computer software","associate's degree","0","5","91216","234470"
"printers","associate's degree","1","10","102090","429372"
"peripherals","associate's degree","1","4","83497","292677"
"office supplies","some college","0","5","80500","251479"
"office supplies","some college","1","7","84721","326801"
"printers","associate's degree","2","0","54836","147143"
"office supplies","some college","0","10","94225","356212"
"computer hardware","associate's degree","0","7","91866","268628"
"printers","associate's degree","1","2","72637","243726"
"office supplies","high school","1","8","92925","378941"
"computer hardware","associate's degree","2","7","98910","419102"
"computer hardware","associate's degree","2","4","88155","332890"
"peripherals","associate's degree","0","8","88297","290146"
"computer hardware","some college","1","7","101477","375625"
"office supplies","associate's degree","0","10","101130","375731"
"computer software","associate's degree","1","5","102783","347838"
"computer hardware","associate's degree","2","4","90262","260503"
"computer hardware","some college","3","3","86840","342086"
"office supplies","associate's degree","1","8","100356","362616"
"peripherals","high school","2","12","110881","548810"
"office supplies","some college","2","6","90550","324364"
"office supplies","associate's degree","1","5","84555","268530"
"computer software","some college","2","10","120977","516508"
"printers","associate's degree","0","6","77227","254094"
"printers","bachelor's degree","1","5","95925","301433"
"office supplies","some college","3","11","117348","601955"
"office supplies","associate's degree","3","11","121176","611764"
"office supplies","associate's degree","1","12","120498","505017"
"printers","bachelor's degree","0","14","116390","463895"
"printers","associate's degree","3","9","111682","506972"
"printers","some college","0","0","47520","80805"
"printers","some college","0","6","73636","276363"
"office supplies","high school","0","0","46254","101072"
"office supplies","some college","2","5","88053","314953"
"peripherals","associate's degree","0","9","99844","353387"
"office supplies","high school","3","3","69146","305447"
"printers","some college","0","7","87583","299867"
"printers","associate's degree","0","10","107973","350057"
"office supplies","some college","1","13","116713","483733"
"computer hardware","associate's degree","2","7","109584","400572"
"peripherals","some college","1","5","81501","311779"
"computer hardware","high school","2","1","65109","223256"
"printers","associate's degree","0","3","74240","177666"
"printers","some college","2","8","105915","490904"
"peripherals","some college","0","7","82929","267850"
"printers","associate's degree","1","3","74037","229792"
"office supplies","some college","0","6","75540","282350"
"printers","bachelor's degree","1","11","116295","502676"
"peripherals","some college","2","5","88113","340699"
"printers","some college","1","12","108067","472749"
"computer software","associate's degree","2","4","97139","340789"
"printers","associate's degree","3","2","81477","311326"
"printers","associate's degree","0","5","78451","247742"
"peripherals","some college","0","4","61383","173828"
"printers","some college","0","3","58908","162368"
"office supplies","some college","1","8","92884","375619"
"printers","associate's degree","0","2","62462","161487"
"office supplies","some college","1","7","90781","387656"
"office supplies","associate's degree","0","9","92495","364951"
"computer hardware","high school","1","5","87308","332728"
"computer hardware","some college","0","4","68960","177818"
"printers","some college","1","9","106265","392645"
"peripherals","some college","0","15","128803","559068"
"printers","some college","2","7","85842","378422"
"peripherals","some college","3","7","99091","441632"
"peripherals","associate's degree","0","8","89731","299985"
"printers","associate's degree","1","10","106820","488197"
"computer hardware","some college","1","2","72751","211886"
"peripherals","associate's degree","2","4","87714","274220"
"computer software","associate's degree","0","5","86059","194659"
"office supplies","associate's degree","2","5","92369","404926"
"printers","associate's degree","1","0","59053","170258"
"printers","high school","2","5","80898","383597"
"printers","bachelor's degree","1","4","82999","237050"
"office supplies","high school","1","9","94377","345531"
"computer hardware","associate's degree","1","8","96014","368711"
"computer hardware","some college","3","8","117077","520968"
"peripherals","high school","2","3","67564","274065"
"peripherals","associate's degree","1","5","84365","277338"
"computer software","some college","1","8","103085","373488"
"computer software","high school","2","5","90586","323067"
"printers","high school","2","1","64427","266525"
"office supplies","high school","2","6","78179","361791"
"peripherals","high school","3","9","105047","537609"
"office supplies","bachelor's degree","1","6","91192","366521"
"office supplies","some college","2","8","99890","385147"
"office supplies","associate's degree","1","6","89074","314409"
"office supplies","some college","0","3","65868","158973"
"printers","some college","1","5","79385","310267"
"peripherals","high school","2","6","81970","371982"
"computer hardware","some college","0","3","68995","158122"
"computer software","some college","2","3","96180","297987"
"printers","some college","1","11","103675","440304"
"printers","associate's degree","3","11","133048","635944"
"printers","bachelor's degree","2","5","86651","346513"
"printers","some college","0","5","70500","191408"
"peripherals","associate's degree","1","6","94117","312731"
"office supplies","associate's degree","2","8","101756","429678"
"computer software","some college","2","2","85376","304025"
"computer software","associate's degree","1","8","111083","410532"
"peripherals","associate's degree","2","1","70371","260114"
"computer hardware","some college","0","8","103005","365567"
"peripherals","high school","2","7","84404","384044"
"office supplies","associate's degree","1","5","73634","245750"
"peripherals","some college","2","9","105300","407879"
"office supplies","high school","3","5","81955","371255"
"computer hardware","some college","1","6","84154","331543"
"peripherals","some college","2","4","78444","312307"
"printers","bachelor's degree","1","7","92352","363517"
"printers","associate's degree","1","5","83265","352651"
"printers","high school","0","8","76983","283208"
"peripherals","associate's degree","0","7","87495","295993"
"printers","some college","3","1","63494","274941"
"office supplies","associate's degree","3","9","121228","541973"
"office supplies","high school","1","4","77844","315912"
"printers","associate's degree","3","8","110413","491323"
"peripherals","associate's degree","2","8","98851","428507"
"printers","associate's degree","0","9","97745","350432"
"printers","associate's degree","1","7","91740","345870"
"printers","some college","1","6","86175","344225"
"peripherals","some college","1","6","79322","313215"
"computer hardware","some college","0","6","86840","308896"
"computer hardware","some college","1","11","114529","444138"
"office supplies","associate's degree","2","10","110302","523021"
"peripherals","some college","2","9","109416","494920"
"peripherals","some college","1","5","74882","279154"
"computer hardware","high school","1","4","80819","296565"
"office supplies","associate's degree","1","5","78723","248040"
"office supplies","high school","2","5","83605","377081"
"office supplies","high school","2","7","90202","377361"
"computer hardware","bachelor's degree","2","1","82926","241663"
"printers","some college","1","8","85390","353901"
"peripherals","some college","0","10","103148","418045"
"computer software","associate's degree","1","4","95317","232183"
"peripherals","some college","1","3","60033","179379"
"peripherals","associate's degree","1","5","86477","323461"
"printers","associate's degree","0","4","65244","192440"
"computer software","some college","1","6","110992","368446"
"computer hardware","associate's degree","1","5","82516","295155"
"computer software","associate's degree","0","3","86479","219666"
"printers","some college","2","4","67394","249658"
"computer hardware","some college","0","10","102506","350361"
"office supplies","some college","1","5","71958","279582"
"office supplies","some college","1","3","74419","251868"
"peripherals","associate's degree","1","5","76117","253840"
"office supplies","associate's degree","2","9","107357","444785"
"printers","some college","3","3","77596","314899"
"computer hardware","some college","1","3","75061","208125"
"office supplies","some college","2","6","86874","358616"
"printers","associate's degree","2","9","118127","486365"
"printers","associate's degree","2","4","82189","254275"
"office supplies","some college","0","11","96674","381370"
"peripherals","high school","0","11","100288","391573"
"computer hardware","associate's degree","1","4","85097","340969"
"office supplies","associate's degree","1","2","71439","199582"
"computer software","associate's degree","2","3","102912","301665"
"computer software","some college","0","7","101402","262246"
"office supplies","associate's degree","2","2","69041","245165"
"peripherals","some college","0","1","52736","95147"
"peripherals","associate's degree","0","3","66199","176848"
"computer hardware","associate's degree","2","2","82433","266404"
"printers","bachelor's degree","3","5","97926","428515"
"office supplies","some college","0","5","79567","243998"
"computer hardware","bachelor's degree","1","6","94202","305320"
"computer hardware","some college","1","4","69743","198929"
"computer software","associate's degree","1","5","101368","311205"
"peripherals","some college","3","6","105261","460393"
"office supplies","some college","2","6","96977","372840"
"printers","some college","1","0","53388","151086"
"peripherals","associate's degree","2","9","108499","450963"
"computer hardware","some college","1","4","75688","230891"
"office supplies","associate's degree","1","6","92851","335983"
"printers","associate's degree","2","4","82496","364964"
"peripherals","bachelor's degree","2","7","102089","426075"
"printers","some college","1","7","88698","353032"
"office supplies","high school","0","10","98391","394217"
"computer hardware","associate's degree","1","6","90078","305607"
"printers","high school","2","6","78893","368927"
"computer software","high school","0","6","88664","241349"
"computer hardware","associate's degree","1","2","70218","187039"
"peripherals","some college","1","6","86616","309648"
"computer software","bachelor's degree","2","5","110382","433815"
"office supplies","associate's degree","1","2","62299","188266"
"office supplies","associate's degree","1","5","70143","218183"
"office supplies","some college","1","13","109238","492384"
"office supplies","some college","1","9","97965","410984"
"computer software","bachelor's degree","3","8","127447","519146"
"peripherals","some college","0","6","79011","282359"
"peripherals","associate's degree","2","6","83799","317948"
"computer hardware","associate's degree","2","5","96469","345720"
"printers","bachelor's degree","2","7","92354","363543"
"computer hardware","some college","2","7","95336","423362"
"peripherals","associate's degree","1","8","106614","440211"
"office supplies","some college","1","6","90574","343708"
"peripherals","associate's degree","1","4","74307","254585"
"printers","bachelor's degree","0","7","81939","243178"
"printers","high school","2","1","53307","213069"
"peripherals","high school","3","8","107522","499845"
"peripherals","associate's degree","2","0","63899","238991"
"printers","some college","0","3","60178","148629"
"computer software","some college","1","3","79634","241531"
"computer hardware","associate's degree","2","4","86783","357831"
"office supplies","bachelor's degree","1","3","72665","246654"
"computer software","some college","3","7","111392","446608"
"peripherals","associate's degree","2","2","73051","269439"
"office supplies","associate's degree","2","7","101117","386844"
"computer software","some college","0","6","90104","250597"
"computer hardware","associate's degree","0","5","75876","228762"
"peripherals","associate's degree","2","6","96422","417377"
"peripherals","associate's degree","2","4","84336","338670"
"printers","associate's degree","1","13","132696","607671"
"computer hardware","high school","1","4","79917","338192"
"printers","some college","0","3","61272","207230"
"computer software","some college","1","6","104585","347409"
"peripherals","high school","2","5","80665","347841"
"office supplies","some college","0","7","75566","275658"
"computer software","some college","1","7","95146","296512"
"peripherals","some college","2","8","106138","454666"
"computer hardware","high school","1","9","111804","438044"
"office supplies","some college","2","7","90574","425738"
"computer hardware","some college","0","6","92809","374641"
"peripherals","associate's degree","3","1","81462","316802"
"peripherals","associate's degree","1","8","95349","368027"
"computer hardware","associate's degree","3","8","115183","496047"
"printers","associate's degree","3","2","80151","310682"
"peripherals","associate's degree","0","6","89033","229661"
"office supplies","some college","0","9","91361","365456"
"computer software","some college","2","9","124207","490686"
"peripherals","some college","0","8","93536","265357"
"office supplies","some college","0","12","104543","465434"
"peripherals","high school","3","6","90674","423653"
"peripherals","associate's degree","0","9","97371","359808"
"printers","some college","1","7","89397","350354"
"printers","associate's degree","1","4","71007","235255"
"office supplies","associate's degree","2","10","113331","462008"
"office supplies","associate's degree","3","9","114533","566240"
"peripherals","associate's degree","1","4","77058","262996"
"office supplies","associate's degree","2","5","83450","354504"
"computer hardware","some college","2","12","129679","592181"
"computer hardware","some college","0","6","78641","251003"
"office supplies","associate's degree","2","4","91673","345588"
"office supplies","some college","2","10","113309","505551"
"peripherals","some college","1","0","49029","99149"
"printers","some college","2","10","103368","493683"
"peripherals","some college","3","9","114338","563364"
"peripherals","bachelor's degree","1","0","55308","113079"
"office supplies","associate's degree","3","10","112318","543180"
"office supplies","some college","0","3","59535","188582"
"office supplies","some college","2","1","64541","253992"
"computer hardware","associate's degree","1","3","78216","235517"
"printers","some college","1","2","67049","214225"
"computer software","high school","0","5","86800","267544"
"office supplies","high school","3","9","107497","527287"
"peripherals","associate's degree","0","12","115633","427042"
"peripherals","associate's degree","3","6","104885","480090"
"computer hardware","some college","1","12","128015","560166"
"office supplies","associate's degree","0","3","72560","153217"
"office supplies","bachelor's degree","0","6","85242","245283"
"peripherals","associate's degree","2","7","90225","362251"
"peripherals","associate's degree","1","10","106490","433034"
"computer hardware","some college","2","4","86915","315708"
"printers","some college","1","13","117738","480246"
"office supplies","some college","1","4","76134","256435"
"office supplies","some college","1","3","60867","189762"
"peripherals","high school","0","3","56293","140608"
"computer hardware","associate's degree","0","6","97190","281889"
"peripherals","some college","3","5","94397","416641"
"printers","some college","2","5","92787","451517"
"office supplies","associate's degree","2","4","84152","381518"
"peripherals","some college","2","3","74941","266156"
"printers","master's degree","0","8","92538","305382"
"printers","some college","0","6","73705","256836"
"peripherals","associate's degree","1","7","84284","302835"
"office supplies","associate's degree","1","6","91802","323832"
"office supplies","some college","0","8","94479","305398"
"computer hardware","associate's degree","2","9","116346","507455"
"office supplies","bachelor's degree","2","3","90831","302111"
"printers","associate's degree","1","4","73192","271921"
"computer hardware","associate's degree","3","6","106907","422422"
"office supplies","associate's degree","0","11","97784","377842"
"computer software","associate's degree","1","7","113072","366601"
"peripherals","associate's degree","0","3","74226","178280"
"office supplies","some college","0","8","89782","305026"
"computer hardware","associate's degree","2","8","119694","472843"
"peripherals","high school","1","12","103884","464633"
"computer hardware","associate's degree","0","5","77313","243127"
"peripherals","some college","1","9","102813","488129"
"computer hardware","some college","1","4","70049","227550"
"computer hardware","some college","2","4","89789","320356"
"computer hardware","associate's degree","0","5","82351","199738"
"computer hardware","bachelor's degree","1","10","120955","413890"
"office supplies","associate's degree","2","9","110339","499277"
"printers","associate's degree","2","6","90644","406442"
"office supplies","bachelor's degree","2","0","69268","155184"
"peripherals","some college","3","8","110872","510978"
"printers","bachelor's degree","0","5","72418","204175"
"computer hardware","some college","2","7","97832","385915"
"printers","some college","1","7","88930","343879"
"office supplies","associate's degree","1","6","79032","287240"
"printers","some college","1","5","74628","274074"
"office supplies","some college","2","7","99365","416423"
"computer software","some college","0","10","107515","357994"
"computer hardware","master's degree","3","3","96587","366637"
"office supplies","associate's degree","0","7","89243","301309"
"printers","some college","0","3","60578","179008"
"peripherals","some college","1","4","79149","287004"
"computer hardware","associate's degree","2","4","85855","348551"
"peripherals","associate's degree","0","9","94675","366753"
"peripherals","associate's degree","1","9","100056","420563"
"peripherals","associate's degree","2","12","135671","578150"
"computer hardware","some college","0","9","100242","351327"
"peripherals","associate's degree","0","6","90442","277729"
"printers","some college","2","4","76365","298147"
"office supplies","associate's degree","2","3","79130","291589"
"office supplies","some college","1","8","89132","391320"
"office supplies","some college","0","10","97288","361131"
"peripherals","associate's degree","1","2","67560","235596"
"computer hardware","bachelor's degree","0","8","101419","328228"
"printers","high school","2","6","83053","382030"
"office supplies","associate's degree","1","6","84964","293724"
"peripherals","bachelor's degree","1","5","84735","258815"
"computer hardware","associate's degree","2","5","98141","333102"
"printers","some college","3","7","104356","494027"
"peripherals","some college","3","6","96518","444301"
"computer hardware","some college","0","8","95835","329140"
"office supplies","associate's degree","1","11","112283","470708"
"printers","some college","2","9","98581","465810"
"printers","high school","3","6","86960","436405"
"printers","some college","2","8","105117","451331"
"office supplies","associate's degree","2","2","66095","240945"
"computer software","some college","2","1","82430","209951"
"office supplies","associate's degree","1","7","86275","323552"
"office supplies","associate's degree","0","8","92642","344139"
"peripherals","some college","1","4","78704","233764"
"peripherals","some college","2","7","94214","370617"
"peripherals","high school","1","4","72720","272837"
"computer hardware","some college","1","7","86520","335202"
"peripherals","some college","2","6","85166","366104"
"computer hardware","associate's degree","2","0","63577","173739"
"printers","some college","3","7","92805","448046"
"computer hardware","associate's degree","1","8","98232","388747"
"peripherals","bachelor's degree","1","7","96042","362522"
"computer hardware","some college","2","7","106224","418829"
"computer software","associate's degree","1","10","129220","418925"
"printers","associate's degree","0","6","70979","209785"
"computer software","associate's degree","1","8","116949","360124"
"office supplies","associate's degree","1","10","109048","436199"
"printers","high school","1","5","78469","350671"
"peripherals","some college","1","12","119409","507023"
"printers","some college","1","5","79744","271175"
"office supplies","some college","1","6","87556","325215"
"printers","some college","1","3","69827","238138"
"office supplies","some college","2","6","85745","329483"
"printers","associate's degree","1","8","105237","385206"
"office supplies","associate's degree","1","9","103761","389133"
"office supplies","associate's degree","1","5","77699","268046"
"printers","high school","0","4","63283","168339"
"office supplies","some college","0","6","87350","288436"
"office supplies","associate's degree","3","2","74259","297072"
"printers","associate's degree","2","7","98483","433108"
"computer hardware","associate's degree","3","7","110858","460587"
"printers","bachelor's degree","1","5","90118","270684"
"printers","some college","1","9","94911","400392"
"office supplies","some college","2","9","105171","457269"
"printers","associate's degree","1","12","111590","495904"
"printers","associate's degree","1","4","75004","257053"
"computer hardware","high school","0","4","76346","227602"
"peripherals","some college","1","13","117351","534780"
"peripherals","some college","2","3","73577","297758"
"printers","some college","3","8","107303","504507"
"printers","some college","1","5","85711","270960"
"computer hardware","bachelor's degree","1","3","76771","237706"
"peripherals","some college","1","9","105175","431736"
"printers","associate's degree","2","9","108495","452183"
"office supplies","bachelor's degree","2","7","97227","392294"
"peripherals","some college","3","6","96253","442181"
"peripherals","associate's degree","0","12","113304","471896"
"computer hardware","some college","1","8","96353","407367"
"printers","associate's degree","1","6","91256","329556"
"printers","some college","2","9","98854","457299"
"peripherals","associate's degree","1","4","84568","272085"
"office supplies","associate's degree","1","4","73722","250725"
"printers","high school","2","10","112273","525901"
"computer hardware","some college","1","7","92509","367191"
"office supplies","associate's degree","1","7","83017","310166"
"peripherals","associate's degree","1","9","96399","383881"
"computer hardware","some college","3","10","120815","588189"
"printers","some college","1","7","86363","368084"
"office supplies","high school","1","2","62740","257699"
"office supplies","associate's degree","2","9","111905","459575"
"peripherals","associate's degree","1","8","94471","350287"
"printers","associate's degree","2","1","62487","214119"
"office supplies","some college","3","6","93077","415160"
"computer software","associate's degree","0","6","95739","260803"
"office supplies","associate's degree","2","9","110886","483641"
"peripherals","some college","2","7","100774","434019"
"printers","associate's degree","0","5","64936","169358"
"office supplies","associate's degree","1","11","101586","412769"
"office supplies","bachelor's degree","0","4","82898","201243"
"printers","associate's degree","3","11","129118","610023"
"peripherals","bachelor's degree","1","1","74725","137249"
"computer software","some college","1","3","78124","231239"
"office supplies","associate's degree","2","4","87410","356617"
"peripherals","bachelor's degree","0","3","71042","174283"
"office supplies","associate's degree","0","7","83735","272203"
"office supplies","high school","2","4","75335","348360"
"computer hardware","associate's degree","1","4","77036","238526"
"office supplies","associate's degree","1","10","107818","427588"
"printers","some college","2","2","66761","204059"
"computer hardware","high school","1","14","120147","538353"
"peripherals","associate's degree","0","13","127559","465587"
"computer hardware","bachelor's degree","2","11","131252","520742"
"office supplies","bachelor's degree","0","7","92509","298713"
"office supplies","associate's degree","1","5","77504","295040"
"computer hardware","high school","1","8","90630","396301"
"computer hardware","some college","0","5","77162","204332"
"computer hardware","some college","1","8","95302","357690"
"computer hardware","bachelor's degree","0","9","102443","374427"
"computer software","associate's degree","1","5","101700","338099"
"office supplies","associate's degree","2","10","119894","536112"
"computer hardware","associate's degree","0","7","84973","244982"
"office supplies","some college","0","2","50739","127391"
"printers","some college","3","6","91805","407967"
"office supplies","some college","2","7","95857","426029"
"peripherals","associate's degree","2","5","85691","356912"
"office supplies","some college","2","3","84434","330514"
"peripherals","some college","2","3","78273","324155"
"office supplies","associate's degree","2","8","99474","454739"
"computer hardware","bachelor's degree","0","0","57413","53067"
"peripherals","associate's degree","1","8","94980","347759"
"computer hardware","some college","0","7","77405","239713"
"printers","bachelor's degree","1","9","116759","417984"
"computer hardware","some college","2","9","112642","449967"
"printers","some college","1","8","88464","367525"
"printers","some college","1","2","60846","197352"
"computer software","some college","2","5","98999","396174"
"office supplies","some college","1","3","72698","181481"
"printers","associate's degree","1","5","86298","278249"
"computer software","some college","3","4","101838","362642"
"peripherals","associate's degree","1","7","92290","357007"
"printers","associate's degree","0","5","70856","228557"
"peripherals","bachelor's degree","0","12","122701","459803"
"peripherals","some college","3","6","98001","460685"
"office supplies","high school","0","7","72175","243539"
"office supplies","associate's degree","1","3","67633","171932"
"computer hardware","some college","3","13","143988","677672"
"peripherals","associate's degree","1","1","71352","170407"
"computer software","some college","3","11","138274","608986"
"peripherals","some college","2","8","101156","447111"
"peripherals","bachelor's degree","1","4","80829","247537"
"office supplies","some college","0","7","82517","303100"
"office supplies","associate's degree","1","5","90531","296216"
"printers","some college","1","7","96071","401703"
"printers","some college","1","4","79632","291056"
"peripherals","some college","1","10","102233","462334"
"computer hardware","high school","1","8","97326","411363"
"computer software","some college","0","6","96323","272845"
"printers","bachelor's degree","2","3","73597","255967"
"office supplies","associate's degree","2","4","80772","272980"
"peripherals","associate's degree","2","5","89734","313503"
"office supplies","associate's degree","2","5","92848","385723"
"printers","some college","2","0","67253","213076"
"printers","bachelor's degree","1","8","105922","387613"
"office supplies","some college","1","1","62443","226142"
"printers","some college","3","3","85081","374710"
"printers","associate's degree","1","6","85420","331719"
"office supplies","associate's degree","1","8","94776","300446"
"computer hardware","associate's degree","0","4","74510","230272"
"printers","some college","2","6","89934","370609"
"peripherals","some college","2","5","95216","399315"
"peripherals","some college","2","12","119945","572559"
"peripherals","some college","2","3","69705","277048"
"computer software","some college","3","6","108486","414238"
"office supplies","associate's degree","2","7","98615","444615"
"office supplies","some college","0","7","89894","314335"
"office supplies","bachelor's degree","1","9","107326","396036"
"peripherals","associate's degree","0","9","99668","337032"
"computer hardware","associate's degree","0","8","100099","301413"
"office supplies","associate's degree","2","8","107426","457765"
"printers","associate's degree","1","8","95622","370707"
"computer software","associate's degree","2","4","99848","342905"
"office supplies","some college","1","5","76215","274910"
"printers","high school","1","5","72716","282930"
"printers","some college","2","6","84220","379938"
"peripherals","some college","1","7","81292","312922"
"peripherals","some college","0","5","75866","231640"
"peripherals","associate's degree","0","4","80193","223778"
"computer hardware","some college","0","0","56010","97552"
"peripherals","associate's degree","0","2","60030","128325"
"peripherals","bachelor's degree","3","1","86461","318244"
"office supplies","associate's degree","2","14","129575","621486"
"peripherals","associate's degree","1","10","111442","441106"
"office supplies","some college","0","6","72385","192233"
"peripherals","bachelor's degree","2","7","111061","453070"
"computer software","bachelor's degree","1","6","101270","322697"
"printers","high school","2","4","71895","305898"
"computer hardware","associate's degree","1","2","64718","177181"
"computer hardware","some college","3","10","123589","556354"
"office supplies","some college","2","4","76802","318534"
"peripherals","some college","2","8","94520","425195"
"office supplies","some college","0","10","100112","392252"
"peripherals","associate's degree","1","7","85660","316600"
"peripherals","some college","1","7","86439","321843"
"printers","high school","1","7","86620","402418"
"computer software","some college","0","6","86213","233950"
"office supplies","associate's degree","2","1","72745","238238"
"peripherals","high school","1","3","67464","223983"
"peripherals","bachelor's degree","1","4","91639","299176"
"computer hardware","high school","3","4","95202","387682"
"printers","associate's degree","1","2","59334","173340"
"office supplies","associate's degree","2","7","103774","396913"
"office supplies","bachelor's degree","2","5","90590","309049"
"office supplies","associate's degree","1","7","93986","365605"
"printers","high school","2","13","125558","590723"
"peripherals","associate's degree","1","11","109129","437983"
"computer hardware","associate's degree","0","5","87596","255357"
"computer software","bachelor's degree","2","8","119606","431633"
"office supplies","associate's degree","0","11","112804","454416"
"peripherals","associate's degree","2","4","86388","330780"
"printers","some college","1","3","65696","230873"
"computer software","associate's degree","0","9","110110","327684"
"printers","bachelor's degree","3","5","100417","401208"
"office supplies","associate's degree","1","9","108222","372218"
"printers","associate's degree","0","11","103480","407759"
"office supplies","bachelor's degree","0","0","51599","76375"
"computer hardware","some college","2","5","90974","343053"
"office supplies","associate's degree","2","7","104622","432866"
"computer software","some college","3","10","126113","571131"
"peripherals","associate's degree","2","9","109607","500406"
"computer hardware","high school","1","6","84411","374111"
"peripherals","some college","0","8","92233","302086"
"office supplies","some college","2","5","88566","341433"
"peripherals","some college","2","6","91588","394603"
"office supplies","some college","1","5","85057","337915"
"peripherals","high school","1","2","59557","136311"
"printers","some college","1","4","72540","211754"
"printers","associate's degree","1","6","89262","350894"
"office supplies","associate's degree","2","10","113433","470873"
"computer hardware","associate's degree","1","10","110633","435525"
"printers","bachelor's degree","2","2","73312","237554"
"office supplies","associate's degree","2","0","52178","129689"
"computer hardware","bachelor's degree","0","4","80193","214293"
"office supplies","associate's degree","2","9","102796","448204"
"peripherals","some college","2","8","102610","445923"
"computer software","some college","2","7","97061","340611"
"printers","associate's degree","2","9","106364","503644"
"peripherals","high school","2","4","79584","330836"
"printers","associate's degree","1","10","107893","466895"
"peripherals","some college","2","5","87826","395069"
"printers","associate's degree","2","8","101172","441945"
"peripherals","associate's degree","2","0","71116","164359"
"computer software","associate's degree","2","7","112567","431930"
"office supplies","some college","0","5","65530","208889"
"printers","some college","1","7","88057","362276"
"peripherals","some college","0","5","67368","213682"
"printers","some college","1","12","113975","522712"
"office supplies","associate's degree","0","10","102935","377240"
"computer hardware","associate's degree","2","8","98404","376435"
"printers","high school","1","1","59678","202325"
"peripherals","associate's degree","1","8","110985","399847"
"printers","associate's degree","1","8","108280","429053"
"computer hardware","some college","1","10","104095","446255"
"office supplies","associate's degree","1","10","107842","498424"
"printers","some college","2","4","75595","335949"
"office supplies","associate's degree","1","6","90828","360187"
"computer software","associate's degree","1","5","101447","347286"
"printers","associate's degree","1","7","90898","388981"
"computer software","high school","1","9","114440","392890"
"computer software","some college","1","4","86708","287512"
"peripherals","associate's degree","2","2","79599","250255"
"office supplies","associate's degree","3","4","89173","358117"
"office supplies","associate's degree","0","7","81369","293685"
"printers","bachelor's degree","2","7","99713","407520"
"printers","some college","1","13","110095","500953"
"computer software","high school","1","5","91068","307717"
"printers","high school","3","5","85560","413039"
"peripherals","associate's degree","2","1","74057","254524"
"computer software","associate's degree","2","13","140740","606125"
"office supplies","some college","2","8","102820","463503"
"office supplies","associate's degree","2","5","85727","377268"
"printers","associate's degree","1","6","86396","311189"
"computer hardware","some college","2","11","111642","506418"
"printers","associate's degree","1","4","84520","266323"
"computer software","bachelor's degree","1","6","109082","400822"
"printers","some college","2","2","75542","298286"
"peripherals","high school","2","9","96879","468787"
"printers","associate's degree","1","5","78188","284560"
"printers","some college","1","2","56917","189174"
"computer software","some college","3","2","86397","292413"
"office supplies","some college","2","4","72982","309822"
"office supplies","associate's degree","1","6","90750","292718"
"office supplies","associate's degree","1","5","80182","245208"
"peripherals","some college","1","2","65611","191799"
"peripherals","high school","0","1","48571","84905"
"printers","associate's degree","0","7","90987","320230"
"printers","some college","2","7","88298","402773"
"printers","associate's degree","0","6","84898","203509"
"computer hardware","associate's degree","2","6","101468","407663"
"peripherals","associate's degree","3","4","88070","353824"
"office supplies","associate's degree","0","3","76861","214382"
"office supplies","associate's degree","2","0","67380","218699"
"office supplies","associate's degree","1","10","109988","446283"
"office supplies","some college","1","6","78108","315024"
"office supplies","associate's degree","1","4","77455","228234"
"computer hardware","associate's degree","3","4","97302","390870"
"printers","some college","1","11","102647","466472"
"office supplies","some college","2","10","120715","550561"
"computer hardware","associate's degree","3","7","115905","533460"
"computer hardware","some college","1","10","110994","510497"
"printers","some college","0","4","66960","201139"
"peripherals","associate's degree","2","5","89008","374772"
"peripherals","some college","1","8","102782","385129"
"printers","high school","1","3","73447","281414"
"computer hardware","some college","1","7","90957","318381"
"office supplies","associate's degree","0","7","90349","310658"
"office supplies","high school","2","3","67926","223319"
"computer hardware","associate's degree","0","8","99517","362765"
"peripherals","some college","1","7","82780","319843"
"computer hardware","some college","1","6","92324","348726"
"printers","some college","3","6","89156","431558"
"computer software","associate's degree","2","5","100245","316246"
"printers","associate's degree","0","8","86134","321336"
"peripherals","bachelor's degree","1","7","103209","373067"
"peripherals","associate's degree","0","9","94884","358823"
"office supplies","associate's degree","1","7","96361","339365"
"computer hardware","high school","1","7","98578","345781"
"office supplies","high school","2","6","87714","385923"
"computer software","associate's degree","2","4","96026","333042"
"computer software","some college","1","3","81455","264545"
"office supplies","some college","0","8","87527","282658"
"peripherals","high school","2","2","72642","241375"
"office supplies","some college","2","7","97993","410671"
"office supplies","some college","1","6","91735","333017"
"peripherals","some college","0","5","72103","207031"
"printers","some college","2","3","70379","280168"
"computer hardware","high school","2","3","78706","277235"
"peripherals","associate's degree","3","8","114581","520866"
"printers","associate's degree","1","8","88117","341173"
"printers","some college","0","3","68353","175274"
"computer software","associate's degree","2","4","99417","313247"
"peripherals","some college","2","0","51072","150716"
"printers","some college","0","9","89281","348428"
"printers","high school","1","5","75139","310468"
"computer hardware","associate's degree","1","1","70083","177953"
"computer software","associate's degree","1","0","68648","103703"
"peripherals","associate's degree","2","8","108354","450011"
"peripherals","associate's degree","2","3","79035","330354"
"computer hardware","some college","0","9","108444","364436"
